Main,Featuring,peakPos
2 Chainz,Ariana Grande,94
2 Chainz,Drake,24
2 Chainz,Drake,94
2 Chainz,Kanye West,47
2 Chainz,Kendrick Lamar,100
2 Chainz,Lil Wayne,80
2 Chainz,Pharrell,66
2 Chainz,Travis Scott,55
2 Chainz,Ty Dolla $ign,44
2 Chainz,YG,96
21 Savage,Metro Boomin,10
21 Savage,Metro Boomin,36
21 Savage,Metro Boomin,61
21 Savage,Metro Boomin,26
21 Savage,Offset,64
21 Savage,Offset,35
24kGoldn,iann dior,1
3OH!3,Ke$ha,9
3OH!3,Neon Hitch,89
50 Cent,Dr. Dre,79
50 Cent,Eminem,27
50 Cent,Ne-Yo,28
6ix9ine,A Boogie Wit da Hoodie,51
6ix9ine,Anuel AA,30
6ix9ine,Bobby Shmurda,25
6ix9ine,DJ SPINKING,46
6ix9ine,Lil Baby,53
6ix9ine,Nicki Minaj,43
6ix9ine,Nicki Minaj,3
6ix9ine,Tory Lanez,44
6ix9ine,Tory Lanez,73
6LACK,J. Cole,76
6LACK,Lil Baby,75
A Boogie Wit da Hoodie,21 Savage,84
A Boogie Wit da Hoodie,6ix9ine,38
A Boogie Wit da Hoodie,DaBaby,80
A Boogie Wit da Hoodie,DJ SPINKING,86
A Boogie Wit da Hoodie,Juice WRLD,90
A Boogie Wit da Hoodie,Kodak Black,38
A Boogie Wit da Hoodie,Lil Uzi Vert,49
A Boogie Wit da Hoodie,Offset,59
A Boogie Wit da Hoodie,PnB Rock,86
A Boogie Wit da Hoodie,Roddy Ricch,23
A Boogie Wit da Hoodie,Young Thug,66
A Great Big World,FUTURISTIC,99
A-Trak + Milo,Otis,98
A$AP Ferg,Nicki Minaj,19
A$AP Ferg,Future,90
A$AP Ferg,Nicki Minaj,26
A$AP Rocky,Drake,8
A$AP Rocky,Moby,63
A$AP Rocky,Rod Stewart x Miguel x Mark Ronson,92
A$AP Rocky,ScHoolboy Q,80
A$AP Rocky,Skepta,45
A$AP Rocky,Skrillex,80
Aaron Lewis,George Jones,87
Ace Hood,Chris Brown,65
Ace Hood,Future,33
Action Bronson,Chance The Rapper,91
Afrojack,Chris Brown,88
Afrojack,Eva Simons,41
Afrojack,Wrabel,100
Alesso,Tove Lo,31
Alicia Keys,Miguel,90
Alicia Keys,Nicki Minaj,11
Anitta,Cardi B,91
Antoine Dodson,The Gregory Brothers,89
Ariana Grande,Big Sean,84
Ariana Grande,Doja Cat,32
Ariana Grande,Future,55
Ariana Grande,Iggy Azalea,2
Ariana Grande,Lil Wayne,99
Ariana Grande,Mac Miller,9
Ariana Grande,Nicki Minaj,4
Ariana Grande,The Weeknd,35
Ariana Grande,Ty Dolla $ign,52
Ariana Grande,Zedd,4
Arianna,Pitbull,97
Armin van Buuren,Trevor Guthrie,96
Ashe,Niall Horan,71
Auburn,Iyaz,51
August Alsina,Trinidad James,48
Austin Mahone,Pitbull,49
Avicii,Aloe Blacc,68
Avril Lavigne,Chad Kroeger,78
B.o.B,2 Chainz,53
B.o.B,Andre 3000,98
B.o.B,Bruno Mars,1
B.o.B,Hayley Williams,2
B.o.B,Lil Wayne,7
B.o.B,Priscilla,69
B.o.B,Rivers Cuomo,10
B.o.B,T.I.,64
B.o.B,T.I.,72
B.o.B,Taylor Swift,18
B.o.B,Trey Songz,80
Bad Bunny,Drake,5
Bad Meets Evil,Bruno Mars,4
Bandit Gang Marco,Dro,41
Bazzi,Camila Cabello,26
Bebe Rexha,Doja Cat,58
Becky G,Bad Bunny,74
Belly,The Weeknd,68
BENEE,Gus Dapperton,39
benny blanco,Juice WRLD,85
Beyonce,Andre 3000,50
Beyonce,Drake,82
Beyonce,Jack White,28
Beyonce,James Blake,63
Beyonce,Jay Z,2
Beyonce,Kendrick Lamar,35
Beyonce,Lady Gaga,65
Beyonce,Nicki Minaj Or Chimamanda Ngozi Adichie,41
Beyonce,The Weeknd,18
Beyonce,JAY-Z,90
Beyonce,SAINt JHN,76
Bhad Bhabie,Lil Yachty,79
Big Sean,Metro Boomin,80
Big Sean,Metro Boomin,67
Big Sean,A$AP Ferg,89
Big Sean,Chris Brown,30
Big Sean,Chris Brown,84
Big Sean,Drake,28
Big Sean,E-40,11
Big Sean,Eminem,22
Big Sean,Jeremih,97
Big Sean,Kanye West,80
Big Sean,Kanye West,82
Big Sean,Kanye West,32
Big Sean,Lil Wayne,38
Big Sean,Migos,70
Big Sean,Nicki Minaj,10
Big Sean,Nipsey Hussle,82
Big Sean,Post Malone,65
Big Sean,Travis Scott,69
Big Sean,Ty Dolla $ign,95
Big Sean,Wiz Khalifa,98
Birdman,Drake,90
Birdman,Lil Wayne,64
Birdman,Lil Wayne,26
Birdman,Nicki Minaj,68
Blake Shelton,Ashley Monroe,47
Blake Shelton,Gwen Sebastian,39
Blake Shelton,Gwen Stefani,70
Blake Shelton,Pistol Annies,12
Blake Shelton,Trace Adkins,40
BlocBoy JB,Drake,5
Bobby Brackins,Ray J,76
Bow Wow,Lil Wayne,48
Boys Like Girls,Taylor Swift,18
Brad Paisley,Alabama,38
Brad Paisley,LL Cool J,77
Brandy,Chris Brown,65
Brantley Gilbert,Justin Moore,67
Britney Spears,G-Eazy,17
Britney Spears,Nicki Minaj,3
Britney Spears,Tinashe,86
Bryce Vine,YG,75
Bryson Tiller,Drake,48
BTS,Desiigner,28
BTS,Halsey,8
BTS,Lauv,76
BTS,Nicki Minaj,11
Buck 22,Billy Ray Cyrus,80
Busta Rhymes,Eminem,94
Calvin Harris,Ayah Marar,86
Calvin Harris,Ellie Goulding,16
Calvin Harris,Florence Welch,10
Calvin Harris,Frank Ocean,25
Calvin Harris,Future,62
Calvin Harris,John Newman,19
Calvin Harris,Kehlani,94
Calvin Harris,Ne-Yo,17
Calvin Harris,Pharrell Williams,20
Calvin Harris,Rihanna,3
Calvin Harris,Young Thug,96
Camila Cabello,DaBaby,12
Camila Cabello,Quavo,81
Camila Cabello,Young Thug,1
Cardi B,21 Savage,14
Cardi B,Chance The Rapper,39
Cardi B,Kehlani,28
Cardi B,Megan Thee Stallion,1
Cardi B,Migos,21
Cardi B,SZA,23
Carly Rae Jepsen,Justin Bieber,87
Carly Rae Jepsen,Nicki Minaj,90
Carrie Underwood,Ludacris,47
Cash Cash,Bebe Rexha,57
Cashmere Cat,Ariana Grande,93
Chance The Rapper,Death Cab For Cutie,95
Chance The Rapper,John Legend,94
Chance The Rapper,Lil Wayne,43
Chance The Rapper,MadeinTYO,58
Chance The Rapper,Ty Dolla $ign,93
Charice,Iyaz,56
Charlie Puth,Kehlani,53
Charlie Puth,Meghan Trainor,21
Charlie Puth,Selena Gomez,9
Cheat Codes,Demi Lovato,38
Cher Lloyd,Becky G,73
Chief Keef,Lil Reese,73
Chris Brown,Aaliyah,81
Chris Brown,Benny Benassi,43
Chris Brown,Drake,5
Chris Brown,Future,82
Chris Brown,Gunna,36
Chris Brown,Justin Bieber,26
Chris Brown,Justin Bieber,67
Chris Brown,Kevin K-MAC McCall,37
Chris Brown,Lil Wayne,6
Chris Brown,Lil Wayne,9
Chris Brown,Lil Wayne,20
Chris Brown,Nicki Minaj,23
Chris Brown,Tyga,14
Chris Brown,Usher,40
Chris Brown,Usher,27
Chris Brown,Yo Gotti,46
Chris Lane,Tori Kelly,55
Chris Young,Vince Gill,47
Christina Aguilera,Nicki Minaj,79
Christina Perri,Steve Kazee,53
Ciara,Ludacris,42
Ciara,Nicki Minaj,44
City Girls,Cardi B,29
Clean Bandit,Demi Lovato,58
Clean Bandit,Jess Glynne,10
Clean Bandit,Julia Michaels,92
Clean Bandit,Sean Paul,9
Cobra Starship,Sabi,7
Coldplay,Rihanna,20
Curren$Y,August Alsina,97
D.R.A.M.,Lil Yachty,5
DaBaby,A Boogie Wit da Hoodie,71
DaBaby,Ashanti,50
DaBaby,Chance The Rapper,55
DaBaby,Future,53
DaBaby,Kevin Gates,49
DaBaby,Lil Baby,28
DaBaby,Migos,51
DaBaby,Offset,59
DaBaby,Quavo,44
DaBaby,Roddy Ricch,1
DaBaby,Stunna 4 Vegas,63
DaBaby,Young Thug,74
DaBaby,YoungBoy Never Broke Again,17
Daddy Yankee,Katy Perry,22
Daft Punk,Pharrell Williams,2
Daniel Caesar,H.E.R.,75
Daniel Caesar,Kali Uchis,93
DaniLeigh,Chris Brown,79
David Guetta,Chris Willis,31
David Guetta,Akon,5
David Guetta,Chris Brown,44
David Guetta,Flo Rida,14
David Guetta,Jennifer Hudson,81
David Guetta,Justin Bieber,16
David Guetta,Kid Cudi,46
David Guetta,Ne-Yo,64
David Guetta,Nicki Minaj,4
David Guetta,Nicki Minaj,8
David Guetta,Rihanna,51
David Guetta,Sam Martin,56
David Guetta,Sia,7
David Guetta,Sia,76
David Guetta,Taio Cruz,70
David Guetta,Usher,4
David Nail,Sarah Buxton,51
deadmau5,Greta Svabo Bech,100
DeJ Loaf,Big Sean,47
Demi Lovato,Cher Lloyd,26
Dev,The Cataracs,61
Diddy - Dirty Money,Drake,91
Diddy - Dirty Money,Skylar Grey,11
Diddy - Dirty Money,T.I.,27
Dierks Bentley,Brothers Osborne,45
Dierks Bentley,Elle King,42
Diggy,Jeremih,80
Diplo Presents Thomas Wesley,Morgan Wallen,39
Diplo,French Montana,78
Disclosure,Sam Smith,7
DJ Chose,BeatKing,98
DJ Drama,2 Chainz,89
DJ Drama,Chris Brown,77
DJ Drama,Fabolous,95
DJ Drama,Wale,90
DJ ESCO,Future,50
DJ Khaled,Calvin Harris,68
DJ Khaled,Beyonce,57
DJ Khaled,Big Sean,84
DJ Khaled,Cardi B,19
DJ Khaled,Chris Brown,39
DJ Khaled,Chris Brown,68
DJ Khaled,Chris Brown,58
DJ Khaled,Drake,13
DJ Khaled,Drake,10
DJ Khaled,Jay Z,30
DJ Khaled,JAY Z,22
DJ Khaled,Justin Bieber,5
DJ Khaled,Justin Bieber,1
DJ Khaled,Kanye West,78
DJ Khaled,Meek Mill,91
DJ Khaled,Meek Mill,44
DJ Khaled,Nicki Minaj,27
DJ Khaled,Nipsey Hussle,21
DJ Khaled,Rick Ross,79
DJ Khaled,Rihanna,2
DJ Khaled,SZA,43
DJ Khaled,T-Pain,24
DJ Khaled,Travis Scott,52
DJ Khaled,Travis Scott,88
DJ Snake,Bipolar Sunshine,20
DJ Snake,Justin Bieber,4
DJ Snake,Selena Gomez,11
Doja Cat,Gucci Mane,50
Doja Cat,Nicki Minaj,1
Don Toliver,Quavo,52
Dr. Dre,Eminem,4
Dr. Dre,Snoop Dogg,34
Drake,2 Chainz,20
Drake,2 Chainz,36
Drake,21 Savage,28
Drake,Alicia Keys,71
Drake,Birdman,89
Drake,Chris Brown,25
Drake,Fivio Foreign,34
Drake,Future,38
Drake,Giggs,48
Drake,Giveon,14
Drake,JAY-Z,65
Drake,Jhene Aiko,67
Drake,Jorja Smith,45
Drake,Kanye West,54
Drake,Kanye West,8
Drake,Lil Durk,2
Drake,Lil Wayne,15
Drake,Lil Wayne,40
Drake,Majid Jordan,4
Drake,Michael Jackson,9
Drake,Nicki Minaj,49
Drake,PARTYNEXTDOOR,82
Drake,Pimp C,72
Drake,Playboi Carti,7
Drake,Quavo,9
Drake,Rick Ross,7
Drake,Rihanna,7
Drake,Sampha,50
Drake,Static Major,41
Drake,T.I.,25
Drake,The Throne,16
Drake,The Weeknd,80
Drake,WizKid,1
Drake,Young Thug,62
Dreamville,Bas,75
Dreamville,J. Cole,44
Dreamville,JID,64
Dreezy,Jeremih,62
Dua Lipa,DaBaby,20
Ed Sheeran,Camila Cabello,49
Ed Sheeran,Chance The Rapper,25
Ed Sheeran,Eminem,57
Ed Sheeran,Khalid,13
Ed Sheeran,YEBBA,99
Ellie Goulding X Diplo,Swae Lee,24
Eminem,Anderson .Paak,89
Eminem,Beyonce,14
Eminem,Don Toliver,84
Eminem,Dr. Dre,29
Eminem,Ed Sheeran,11
Eminem,Gwen Stefani,80
Eminem,Jessie Reyez,67
Eminem,Joyner Lucas,6
Eminem,Juice WRLD,3
Eminem,Kobe,88
Eminem,Lil Wayne,23
Eminem,Nate Ruess,45
Eminem,P!nk,62
Eminem,Rihanna,1
Eminem,Royce Da 5'9,24
Eminem,"Royce da 5'9""",52
Eminem,Sia,99
Eminem,Skylar Grey,61
Eminem,Young M.A,36
Empire Cast,Estelle,42
Empire Cast,Jussie Smollett,99
Empire Cast,Jussie Smollett,47
Enrique Iglesias,Bad Bunny,98
Enrique Iglesias,Descemer Bueno,12
Enrique Iglesias,Descemer Bueno,81
Enrique Iglesias,Juan Luis Guerra,89
Enrique Iglesias,Ludacris,4
Enrique Iglesias,Marco Antonio Solis,85
Enrique Iglesias,Pitbull,4
Enrique Iglesias,Pitbull,74
Enrique Iglesias,Romeo Santos,80
Enrique Iglesias,Sammy Adams,24
Enrique Iglesias With Usher,Lil Wayne,18
Eric Church,Rhiannon Giddens,71
Ester Dean,Chris Brown,38
Fabolous,Chris Brown,93
Famous Dex,A$AP Rocky,54
Fantasia,Kelly Rowland,74
Far*East Movement,Cataracs,1
Far*East Movement,Justin Bieber,21
Far*East Movement,Ryan Tedder,7
Fat Joe,Dre,97
Fat Joe,Chris Brown,80
Fat Joe,Remy Ma,27
Fetty Wap,Monty,7
Fetty Wap,Remy Boyz,4
Fifth Harmony,Fetty Wap,24
Fifth Harmony,Gucci Mane,42
Fifth Harmony,Kid Ink,12
Fifth Harmony,Ty Dolla $ign,4
Five Finger Death Punch,Kenny Wayne Shepherd,66
Flo Rida,Akon,29
Flo Rida,David Guetta,9
Flo Rida,Jason Derulo,79
Flo Rida,Robin Thicke,43
Flo Rida,Sage The Gemini,8
Flo Rida,Sia,5
Florida Georgia Line,Backstreet Boys,46
Florida Georgia Line,Nelly,4
Florida Georgia Line,Tim McGraw,30
Flume,Kai,20
Flume,Tove Lo,60
French Montana,Blueface,90
French Montana,Drake,36
French Montana,Jeremih,95
French Montana,Kodak Black,73
French Montana,Nicki Minaj,77
French Montana,Post Malone,56
French Montana,Rick Ross,36
French Montana,Swae Lee,3
French Montana,The Weeknd,75
fun.,Janelle Monae,1
Future,Juice WRLD,72
Future,Young Thug,50
Future,Drake,28
Future,Kanye West,98
Future,Lil Uzi Vert,54
Future,Lil Wayne,82
Future,Nicki Minaj,38
Future,Pharrell,46
Future,Rihanna,37
Future,T.I.,69
Future,The Weeknd,18
Future,Travis Scott,47
Future,YG,99
Future,Young Thug,84
Future,YoungBoy Never Broke Again,34
G Herbo,Chance The Rapper,38
G-Eazy,A$AP Rocky,4
G-Eazy,blackbear,71
G-Eazy,Chris Brown,98
G-Eazy,Marc E. Bassy,97
G-Eazy,Remo,98
G-Eazy,Yo Gotti,70
Gabby Barrett,Charlie Puth,3
Game,Chris Brown,81
Game,Lil Wayne,62
Game,Lil Wayne,100
Glee Cast,2Cellos,26
Glee Cast,Gwyneth Paltrow,18
Glee Cast,Idina Menzel,31
Glee Cast,Jonathan Groff,35
Glee Cast,Kristin Chenoweth,90
Glee Cast,Neil Patrick Harris,26
Glee Cast,Olivia Newton-John,89
Glee Cast,Ricky Martin,99
gnash,Johnny Yukon,76
gnash,Olivia O'Brien,10
GoldLink,Brent Faiyaz,45
Gorilla Zoe,Lil Jon,77
Gorillaz,George Benson,85
Gotye,Kimbra,1
Grace,G-Eazy,57
Green Shoe Studio,Jacob Colgan,42
Gucci Mane,Drake,41
Gucci Mane,Kanye West,89
Gucci Mane,Kodak Black,100
Gucci Mane,Migos,11
Gucci Mane,Offset,88
Gucci Mane,Plies Or OJ Da Juiceman,36
Gucci Mane,Slim Jxmmi,95
Gucci Mane,The Weeknd,67
Gucci Mane,Usher,42
Gunna,Lil Baby,59
Gunna,Playboi Carti,97
Gunna,Roddy Ricch,41
Gunna,Travis Scott,55
Gunna,Young Thug,74
Gym Class Heroes,Adam Levine,4
Gym Class Heroes,Neon Hitch,12
Gym Class Heroes,Ryan Tedder,25
H.E.R.,Bryson Tiller,76
H.E.R.,YG,43
Hailee Steinfeld,Alesso,40
Hailee Steinfeld,Grey,12
Halsey,Big Sean,66
Halsey,Lauren Jauregui,100
Hannah Montana,Iyaz,66
HARDY,Lauren Alaina,33
Havana Brown,Pitbull,26
Hoodie Allen,Ed Sheeran,71
Hot Chelle Rae,New Boyz,28
Huncho Jack,Offset,83
Huncho Jack,Takeoff,65
Hunter Hayes,Jason Mraz,77
Hustle Gang,T.I.,88
I LOVE MAKONNEN,Drake,12
Icona Pop,Charli XCX,7
Iggy Azalea,Charli XCX,1
Iggy Azalea,Jennifer Hudson,67
Iggy Azalea,M0,27
Iggy Azalea,Rita Ora,3
Internet Money,Gunna,6
Internet Money,Juice WRLD,79
Iyaz,Travie McCoy,43
J Balvin,Willy William,3
j-hope,Becky G.,81
J. Cole,Amber Coffman,90
J. Cole,kiLL edward,46
J. Cole,Miguel,19
J. Cole,Missy Elliott,61
J. Cole,TLC,27
J. Cole,Trey Songz,52
Jack Harlow,DaBaby,2
JACKBOYS,Don Toliver,56
JACKBOYS,Young Thug,38
Jake Paul,Erika Costell,86
Jake Paul,Team 10,91
James Newton Howard,Jennifer Lawrence,12
Jamie Foxx,Chris Brown,93
Jamie Foxx,Drake,50
Jamie Foxx,Justin Timberlake,28
Janet,J. Cole,63
Jason Aldean,Miranda Lambert,32
Jason Derulo,2 Chainz,3
Jason Derulo,Nicki Minaj,29
Jason Derulo,Snoop Dogg,5
Jay Sean,Lil Wayne,1
Jay Sean,Nicki Minaj,31
Jay Sean,Pitbull,85
Jay Sean,Sean Paul,10
Jay Z,Beyonce,77
Jay Z,Frank Ocean,83
Jay Z,Justin Timberlake,4
Jay Z,Rick Ross,64
Jay Z Kanye West,Frank Ocean,72
Jay Z Kanye West,Otis Redding,12
JAY-Z,Beyonce,51
JAY-Z,"Damian ""Jr. Gong"" Marely",47
JAY-Z,Frank Ocean,63
JAY-Z,Gloria Carter,56
Jeezy,Jay Z,85
Jennifer Hudson,Ne-Yo,90
Jennifer Hudson,The Roots,98
Jennifer Lopez,DJ Khaled,80
Jennifer Lopez,French Montana,77
Jennifer Lopez,Iggy Azalea Or Pitbull,18
Jennifer Lopez,Lil Wayne,41
Jennifer Lopez,Pitbull,3
Jeremih,50 Cent,4
Jeremih,J. Cole,44
Jeremih,YG,6
Jesse McCartney,T-Pain,35
Jessie J,2 Chainz,86
Jessie J,B.o.B,23
Jhene Aiko,Big Sean,55
Jhene Aiko,Future,65
Jhene Aiko,H.E.R.,24
Jhene Aiko,Swae Lee Or Rae Sremmurd,74
Jidenna,Roman GianArthur,22
Jill Scott,Anthony Hamilton,97
Jimmy Fallon,will.i.am,26
Joe Budden,Lil Wayne,96
John Legend,Ludacris,79
John Mayer,Katy Perry,48
John Rich,The Five,91
Jonas Blue,Dakota,98
Jonas Brothers,Karol G,33
Jonn Hart,IamSU!,66
Joyner Lucas,Logic,59
JP Saxe,Julia Michaels,27
Juice WRLD,Marshmello,10
Juice WRLD,Lil Uzi Vert,67
Juicy J,Big Sean,75
Juicy J,Lil Wayne,29
Juicy J,Wale,74
Juicy J,Wiz Khalifa,84
Justin Bieber,Big Sean,6
Justin Bieber,Busta Rhymes,86
Justin Bieber,Chance The Rapper,41
Justin Bieber,Drake,95
Justin Bieber,Halsey,31
Justin Bieber,Jaden Smith,8
Justin Bieber,Kehlani,93
Justin Bieber,Ludacris,5
Justin Bieber,Nas,88
Justin Bieber,Nicki Minaj,5
Justin Bieber,Post Malone,24
Justin Bieber,Quavo,5
Justin Bieber,R. Kelly,54
Justin Bieber,Travi$ Scott,54
Justin Bieber,Usher,15
Justin Timberlake,Matt Morris,13
Justin Timberlake,Chris Stapleton,9
Justin Timberlake,JAY Z,3
K'Naan,Nelly Furtado,92
Kane Brown,Lauren Alaina,26
Kanye West,Ant Clemons,51
Kanye West,Cam'ron,18
Kanye West,Clipse,37
Kanye West,DJ Khaled,86
Kanye West,Fred Hammond,60
Kanye West,Jay-Z,18
Kanye West,PARTYNEXTDOOR,24
Kanye West,Paul McCartney,35
Kanye West,Pusha T,12
Kanye West,Sunday Service Choir,45
Kanye West,T.I.,85
Kanye West,Teyana Taylor,60
Kanye West,Theophilus London,15
Kanye West,Travis Scott,49
Kanye West,Ty Dolla $ign,33
Kaskade,Neon Trees,94
Katy Perry,Juicy J,1
Katy Perry,Kanye West,1
Katy Perry,Migos,59
Katy Perry,Nicki Minaj,46
Katy Perry,Skip Marley,4
Katy Perry,Snoop Dogg,1
KCamp,2 Chainz,49
Ke$ha,3OH!3,7
Ke$ha,Lil Wayne,37
Ke$ha,will.i.am Or Juicy J,40
Kehlani,Jhene Aiko,80
Kehlani,Tory Lanez,50
Kehlani,Ty Dolla $ign,67
Keith Urban,Carrie Underwood,38
Keith Urban,Eric Church,56
Keith Urban,Julia Michaels,50
Kelly Clarkson,Vince Gill,87
Kelly Rowland,Lil Wayne,17
Kendrick Lamar,Bilal,99
Kendrick Lamar,Bilal,94
Kendrick Lamar,Drake,26
Kendrick Lamar,George Clinton,91
Kendrick Lamar,MC Eiht,75
Kendrick Lamar,Rihanna,14
Kendrick Lamar,U2,33
Kendrick Lamar,Zacari,11
Kenny Chesney,Grace Potter,33
Kenny Chesney,P!nk,29
Kesha,The Dap-Kings Horns,96
Kevin Gates,August Alsina,90
Kevin Gates,Trey Songz,97
Kevin Rudolf,Birdman,21
Keyshia Cole,Lil Wayne,84
Khalid,A Boogie Wit da Hoodie,73
Khalid,Empress Of,88
Kid Cudi,Cee-Lo,92
Kid Cudi,Kanye West,22
Kid Cudi,King Chip,74
Kid Cudi,MGMT,59
Kid Ink,Chris Brown,13
Kid Ink,DeJ Loaf,43
Kid Ink,Fetty Wap,57
Kid Ink,Meek Mill,90
Kid Ink,Usher,72
KIDS SEE GHOSTS,Louis Prima,42
King Von,Lil Durk,81
King Von,Polo G,66
Kodak Black,Future,93
Kodak Black,Juice WRLD,58
Kodak Black,Lil Pump,88
Kodak Black,Lil Wayne,52
Kodak Black,Travis Scott,2
Kodak Black,XXXTENTACION,31
Kygo,Conrad,92
Kygo,Miguel,63
KYLE,Lil Yachty,4
Labrinth,Emeli Sande,34
Lady Gaga,Beyonce,3
Lady Gaga,R. Kelly,13
Lana Del Rey,The Weeknd,64
Liam Payne,Quavo,10
Lifehouse,Natasha Bedingfield,79
Lil Baby,Gunna,15
Lil Baby,Gunna,54
Lil Baby,Future,70
Lil Baby,Gunna,66
Lil Baby,Gunna,74
Lil Baby,Lil Uzi Vert,23
Lil Baby,Lil Wayne,64
Lil Baby,Meek Mill,62
Lil Dicky,Chris Brown,8
Lil Dicky,Fetty Wap,71
Lil Durk,Lil Baby,43
Lil Jon,3OH!3,62
Lil Jon,LMFAO,84
Lil Jon,Tyga,92
Lil Nas X,Billy Ray Cyrus,1
Lil Peep,iLoveMakonnen,62
Lil Pump,Lil Wayne,72
Lil Skies,Landon Cube,98
Lil Skies,Yung Pinch,79
Lil Tecca,Polo G,90
Lil Tjay,Fivio Foreign,65
Lil Uzi Vert,Chief Keef,19
Lil Uzi Vert,Future,54
Lil Uzi Vert,Lil Durk,76
Lil Uzi Vert,NAV,72
Lil Uzi Vert,Nicki Minaj,24
Lil Uzi Vert,Pharrell Williams,79
Lil Uzi Vert,Syd,76
Lil Uzi Vert,The Weeknd,84
Lil Uzi Vert,Young Nudy,89
Lil Uzi Vert,Young Thug,87
Lil Uzi Vert,Young Thug,60
Lil Wayne,2 Chainz,38
Lil Wayne,Ashanti,76
Lil Wayne,Big Sean,38
Lil Wayne,Big Sean,33
Lil Wayne,Bruno Mars,16
Lil Wayne,Cory Gunz,9
Lil Wayne,Detail,29
Lil Wayne,Drake,6
Lil Wayne,Drake,9
Lil Wayne,Drake,79
Lil Wayne,Eminem,18
Lil Wayne,Gudda,76
Lil Wayne,John Legend,95
Lil Wayne,Kendrick Lamar,2
Lil Wayne,Nicki Minaj,44
Lil Wayne,Nivea,90
Lil Wayne,Reginae Carter,36
Lil Wayne,Rick Ross,22
Lil Wayne,Shanell AKA SNL,91
Lil Wayne,Snoop Dogg,39
Lil Wayne,Sosamann,24
Lil Wayne,T-Pain,84
Lil Wayne,Travis Scott,10
Lil Wayne,XXXTENTACION,5
Lil Yachty,Tierra Whack,83
Lil Yachty,Juice WRLD,91
Lil Yachty,Migos,78
Lil Yachty,NBA YoungBoy,63
Lil Yachty,Playboi Carti,98
Lil Yachty,Trippie Redd,73
Lil Yachty,Ugly God,88
Lil' Duval,Snoop Dogg,56
Lin-Manuel Miranda,Artists For Puerto Rico,20
Linkin Park,Kiiara,45
Lloyd Banks,Juelz Santana,49
Lloyd,Andre 3000,79
LMFAO,Lauren Bennett,1
LMFAO,Lil Jon,68
Logic,Alessia Cara,3
Logic,Big Sean,83
Logic,Damian Lemar Hudson,87
Logic,Eminem,5
Logic,Ryan Tedder,80
Logic,Wiz Khalifa,56
Logic,Young Sinatra,98
Lorde,Khalid,92
Loud Luxury,Brando,80
Louis Tomlinson,Bebe Rexha,40
LoveRance,IamSu,46
Ludacris,Kelly Rowland,97
Ludacris,Miguel,91
Ludacris,Nicki Minaj,11
Ludacris,Trey Songz,69
Ludacris,Usher,72
Luis Fonsi,Daddy Yankee,1
Luke Bryan,Karen Fairchild,38
Luke Combs,Amanda Shires,70
Luke Combs,Eric Church,20
Lupe Fiasco,Ed Sheeran,93
Lupe Fiasco,MDMA,70
Lupe Fiasco,Skylar Grey,89
Lupe Fiasco,Trey Songz,40
Machine Gun Kelly,Hailee Steinfeld,60
Macklemore,Ryan Lewis,12
Macklemore,Ryan Lewis,11
Macklemore,Ryan Lewis,1
Macklemore,Ryan Lewis,15
Macklemore,Ryan Lewis,1
Macklemore,Kesha,48
Macklemore,Skylar Grey,49
Madonna,Nicki Minaj,84
Madonna,Nicki Minaj,10
Maejor Ali,Juicy J,19
Major Lazer,DJ Snake,4
Major Lazer,Bruno Mars,56
Major Lazer,Ellie Goulding,83
Major Lazer,Justin Bieber,2
Major Lazer,Nyla,73
Major Lazer,PARTYNEXTDOOR,66
Major Lazer,Travis Scott,87
Mana,Prince Royce,100
Marc E. Bassy,G-Eazy,58
Maren Morris,Vince Gill,91
Mariah Carey,Miguel,15
Mariah Carey,Nicki Minaj,100
Mariah Carey,YG,89
Mark Ronson,Bruno Mars,1
Mark Ronson,Miley Cyrus,43
Maroon 5,Cardi B,1
Maroon 5,Christina Aguilera,1
Maroon 5,Future,16
Maroon 5,Kendrick Lamar,6
Maroon 5,Rozzi Crane,83
Maroon 5,SZA,9
Maroon 5,Wiz Khalifa,2
Marshmello,A Day To Remember,92
Marshmello,CHVRCHES,31
Marshmello,Khalid,30
Martin Garrix,Khalid,78
Martin Garrix,Macklemore,100
Mary J. Blige,Drake,87
Matt Nathanson,Sugarland,53
MAX,gnash,20
Meek Mill,21 Savage,78
Meek Mill,Cardi B,30
Meek Mill,Chris Brown,21
Meek Mill,Chris Brown,51
Meek Mill,Drake,57
Meek Mill,Ella Mai,54
Meek Mill,Fabolous,39
Meek Mill,Future,91
Meek Mill,Future,77
Meek Mill,Jeremih,31
Meek Mill,Justin Timberlake,90
Meek Mill,Kirko Bangz,86
Meek Mill,Kodak Black,72
Meek Mill,Lil Uzi Vert,97
Meek Mill,Lil Uzi Vert,68
Meek Mill,Nicki Minaj,78
Meek Mill,Quavo,84
Meek Mill,Rick Ross,20
Meek Mill,Roddy Ricch,73
Meek Mill,Swizz Beatz,73
Meek Mill,T.I.,51
Meek Mill,Tory Lanez,49
Meek Mill,Young Thug,96
Meek Mill,Young Thug,70
Megan Thee Stallion,DaBaby,36
Megan Thee Stallion,Young Thug,30
Meghan Trainor,John Legend,8
Meghan Trainor,Nicki Minaj,89
Metro Boomin,21 Savage,42
Metro Boomin,Gunna,51
Metro Boomin,Offset,71
Metro Boomin,Swae Lee,72
Metro Boomin,Travis Scott,62
Metro Boomin,Travis Scott,100
Metro Boomin,Travis Scott,79
MGK,Waka Flocka Flame,98
Migos,21 Savage,48
Migos,DJ Khaled,93
Migos,Drake,10
Migos,Gucci Mane,29
Migos,Lil Uzi Vert,1
Migos,Post Malone,52
Migos,Travis Scott,58
Migos,Travis Scott,64
Migos,YoungBoy Never Broke Again,62
Miguel,J. Cole,58
Miguel,Travis Scott,29
MIKA,Ariana Grande,87
Mike Posner,Lil Wayne,30
Mike WiLL Made-It,Miley Cyrus,11
Mindless Behavior,Diggy,72
Missy Elliott,Lamb,71
Missy Elliott,Pharrell Williams,22
Money Man,Lil Baby,49
Moneybagg Yo,DaBaby,89
MoneyBagg Yo,Lil Baby,53
Morgan Wallen,Florida Georgia Line,49
Mustard featuring NAV,Playboi Carti,81
My Darkest Days,Zakk Wylde,90
Nas,Fivio Foreign,96
Nas,Kanye West,96
Natalie La Rose,Jeremih,10
Naughty Boy,Beyonce,90
Naughty Boy,Sam Smith,19
NAV,Lil Baby,65
NAV,Lil Uzi Vert,64
NAV,Meek Mill,87
NAV,The Weeknd,72
NAV,Travis Scott,86
Ne-Yo,Juicy J,19
NEEDTOBREATHE,Gavin DeGraw,98
Nelly,Jeremih,62
Nelly,Keri Hilson,75
Nelly,T-Pain,54
New Boyz,Iyaz,68
New Boyz,Ray J,22
New Boyz,The Cataracs,26
Nick Jonas,Tove Lo,14
Nicki Minaj,2 Chainz,48
Nicki Minaj,Ariana Grande,88
Nicki Minaj,Beyonce,39
Nicki Minaj,Chris Brown,51
Nicki Minaj,Drake,13
Nicki Minaj,Drake,14
Nicki Minaj,Drake,12
Nicki Minaj,Eminem,56
Nicki Minaj,Eminem,58
Nicki Minaj,Lil Wayne,70
Nicki Minaj,Rihanna,19
Nicki Minaj,Skylar Grey,62
Nicki Minaj,The Weeknd,98
Nicole Scherzinger,50 Cent,39
Nipsey Hussle,Belly,65
Nipsey Hussle,Kendrick Lamar,93
Nipsey Hussle,Roddy Ricch,26
Nipsey Hussle,Stacy Barthe,100
Nipsey Hussle,YG,76
NLE Choppa,Roddy Ricch,38
Noah Cyrus,Labrinth,46
O.T. Genasis,Young Dolph,35
Offset,J. Cole,65
Offset,Cardi B,39
Offset,Travis Scott,49
OG Maco,2 Chainz,90
Olly Murs,Chiddy Bang,96
Olly Murs,Flo Rida,25
Omarion,Chris Brown,13
Omarion,Gucci Mane,83
P!nk,Chris Stapleton,96
P!nk,Lily Allen,53
P!nk,Nate Ruess,1
Panic! At The Disco,Lolo,68
Pardison Fontaine,Cardi B,40
PARTYNEXTDOOR,Drake,55
Pia Mia,Chris Brown,71
Pitbull,Akon,42
Pitbull,Chris Brown,13
Pitbull,Christina Aguilera,8
Pitbull,Enrique Iglesias,64
Pitbull,Flo Rida,95
Pitbull,G.R.L.,30
Pitbull,Jennifer Lopez,59
Pitbull,John Ryan,23
Pitbull,Ke$ha,1
Pitbull,Marc Anthony,30
Pitbull,Ne-Yo,1
Pitbull,Shakira,89
Pitbull,T-Pain,7
Pitbull,T-Pain,69
Pitbull,TJR,17
Pitbull x El Chombo x Karol G,Cutty Ranks,36
Playboi Carti,Lil Uzi Vert,76
Plies,Kodak Black,100
Polo G,Juice WRLD,30
Polo G,Lil Baby,57
Polo G,Lil Tjay,11
Polo G,NLE Choppa,60
Pop Smoke,50 Cent,11
Pop Smoke,Karol G,56
Pop Smoke,King Combs,76
Pop Smoke,Lil Baby,6
Pop Smoke,Lil Tjay,17
Pop Smoke,Quavo,93
Pop Smoke,Quavo,54
Pop Smoke,Rowdy Rebel,49
Pop Smoke,Swae Lee,57
Pop Smoke,Tyga,65
Post Malone,21 Savage,1
Post Malone,DaBaby,16
Post Malone,Future,20
Post Malone,G-Eazy,20
Post Malone,Justin Bieber,75
Post Malone,Meek Mill,22
Post Malone,Nicki Minaj,16
Post Malone,Ozzy Osbourne,8
Post Malone,Quavo,8
Post Malone,Swae Lee,15
Post Malone,SZA,34
Post Malone,Ty Dolla $ign,1
Post Malone,Young Thug,3
Powfu,beabadoobee,23
Prince Royce,Jennifer Lopez,92
Prince Royce,Snoop Dogg,43
PSY,CL,97
PSY,Snoop Dogg,26
Pusha T,Kanye West,75
Quavo,21 Savage,61
Quavo,Drake,48
Quavo,Lil Baby,100
Quavo,Travis Scott,88
R. City,Adam Levine,6
R. Kelly,2 Chainz,89
Rae Sremmurd,Gucci Mane,1
Rae Sremmurd,Nicki Minaj,30
Rascal Flatts,Natasha Bedingfield,43
Ray J,Bobby Brackins,51
Reeve Carney,Bono,74
Reik,Ozuna,77
RiceGum,Alissa Violet,80
Rich Gang,Lil Wayne,44
Rich Gang,Young Thug,16
Rich Homie Quan,Problem,74
Rich The Kid,Kendrick Lamar,41
Rick Ross,Chris Brown,97
Rick Ross,Drake,39
Rick Ross,Drake,30
Rick Ross,Drake,58
Rick Ross,JAY Z,86
Rick Ross,Kanye West,78
Rick Ross,Lil Wayne Or T.I.,61
Rick Ross,Ne-Yo,100
Rick Ross,Nicki Minaj,62
Rick Ross,Styles P,60
Rick Ross,Wale,71
Rick Ross,Young Thug,97
Ricky Martin,Natalia Jimenez,74
Rihanna,Britney Spears,1
Rihanna,Calvin Harris,1
Rihanna,Chris Brown,24
Rihanna,David Guetta,50
Rihanna,Drake,1
Rihanna,Future,55
Rihanna,Jay-Z,31
Rihanna,Jeezy,8
Rihanna,Mikky Ekko,3
Rihanna,Slash,64
Rob $tone,J. Davi$,29
Robin Schulz,Francesco Yates,44
Robin Thicke,Kendrick Lamar,25
Robin Thicke,T.I. + Pharrell,1
Rocko,Future,20
Rod Wave,ATR Son Son,12
Roddy Ricch,A Boogie Wit da Hoodie,73
Roddy Ricch,Meek Mill,72
Roddy Ricch,Mustard,20
Romeo Santos,Drake,45
Romeo Santos,Nicky Jam,95
Romeo Santos,Usher,83
Roscoe Dash,Soulja Boy Tell'em,46
Rudimental,Ed Sheeran,48
Sada Baby,Nicki Minaj,35
Sage The Gemini,IamSu!,29
Sage The Gemini,Nick Jonas,75
Sam Smith,Logic,55
Saweetie,Jhene Aiko,76
ScHoolboy Q,21 Savage,67
ScHoolboy Q,BJ The Chicago Kid,38
ScHoolboy Q,Kanye West,40
ScHoolboy Q,Kendrick Lamar,92
Sean Kingston,Chris Brown,52
Sean Kingston,Nicki Minaj,36
Sean Paul,Alexis Jordan,84
Sech,Daddy Yankee,64
Selena Gomez,A$AP Rocky,5
Selena Gomez,Gucci Mane,27
Sevyn Streeter,Chris Brown,30
Shaggy,Mohombi,66
Shakira,El Cata or Dizzee Rascal,32
Shakira,Freshlyground,38
Shakira,Lil Wayne,29
Shakira,Maluma,51
Shakira,Nicky Jam,100
Shakira,Rihanna,15
Shawn Mendes,Khalid,65
Sia,Kendrick Lamar,18
Sia,Sean Paul,1
Ski Mask The Slump God,Juice WRLD,63
Skrillex,Sirah,74
Slaughterhouse,Eminem,98
Snoop Dogg,Wiz Khalifa,7
Snoop Dogg,T-Pain,76
Snoop Dogg,The-Dream,35
Snootie Wild,K Camp,93
Snow Patrol,Martha Wainwright,54
Sofi Tukker,NERVO,81
Solange,Sampha,91
Steve Aoki,BTS,89
Steve Aoki,Chris Lake,90
Sugarland,Taylor Swift,72
Summer Walker,A Boogie Wit da Hoodie,68
Summer Walker,Jhene Aiko,61
surf mesa,Emilee,23
Swae Lee,Drake,75
Swae Lee,Slim Jxmmi,84
Swedish House Mafia,John Martin,6
SZA,Travis Scott,32
SZA,Ty Dolla $ign,29
T-Pain,B.o.B,62
T-Pain,Chris Brown,33
T-Pain,Joey Galaxy,44
T-Pain,Lil Wayne,48
T-Pain,Rick Ross,89
T-Pain,Wiz Khalifa,10
T.I.,B.o.B.,78
T.I.,Big K.R.I.T.,66
T.I.,Chris Brown,70
T.I.,Eminem,18
T.I.,Iggy Azalea,33
T.I.,Keri Hilson,38
T.I.,Lil Baby,97
T.I.,Lil Wayne,50
T.I.,Young Thug,42
Taio Cruz,Flo Rida,62
Taio Cruz,Ke$ha,96
Taio Cruz,Ludacris,1
Taio Cruz,Travie McCoy,24
Taylor Swift,Bon Iver,6
Taylor Swift,Brendon Urie,2
Taylor Swift,Dixie Chicks,63
Taylor Swift,Ed Sheeran,32
Taylor Swift,Ed Sheeran,18
Taylor Swift,Kendrick Lamar,1
Taylor Swift,The Civil Wars,30
Tech N9Ne,2 Chainz,90
TeeFLii,2 Chainz,85
Tegan And Sara,The Lonely Island,57
The Chainsmokers,ILLENIUM,69
The Chainsmokers,5 Seconds Of Summer,52
The Chainsmokers,Daya,3
The Chainsmokers,Emily Warren,66
The Chainsmokers,Halsey,1
The Chainsmokers,Kelsea Ballerini,50
The Chainsmokers,Phoebe Ryan,18
The Chainsmokers,Rozes,6
The Chainsmokers,XYLO,71
The Dirty Heads,Rome,93
The Game,Drake,82
The Game,Jeremih,79
The Kid LAROI,Machine Gun Kelly,99
The Kid LAROI,YoungBoy Never Brok Again,76
The Lonely Island,Adam Levine,60
The Lonely Island,Akon,30
The Lonely Island,Michael Bolton,69
The Lonely Island,Nicki Minaj,82
The Script,will.i.am,25
The Weeknd,Daft Punk,2
The Weeknd,Ed Sheeran,91
The Weeknd,Future,46
The Weeknd,Gesaffelstein,43
The Weeknd,Kendrick Lamar,27
The Weeknd,Labrinth,85
The Weeknd,Lana Del Rey,47
Thomas Rhett,Jon Pardi,36
Thomas Rhett,Maren Morris,39
Thomas Rhett,Reba McEntire,42
Tiesto,Dzeko,52
Tiesto,Matthew Koma,49
Tim McGraw,Faith Hill,41
Timbaland,Drake,23
Timbaland,Justin Timberlake,11
Timbaland,Katy Perry,37
Tinashe,ScHoolboy Q,24
Tinie Tempah,Eric Turner,12
Tinie Tempah,Wiz Khalifa,90
TK Kravitz,Jacqueez,76
Tory Lanez,Chris Brown,66
Tory Lanez,Snoop Dogg,87
Train,Ashley Monroe,79
Travi$ Scott,Future,82
Travie McCoy,Bruno Mars,4
Travie McCoy,Jason Mraz,82
Travis Porter,Tyga,53
Travis Scott,Lil Uzi Vert,16
Travis Scott,Young Thug,1
Trey Songz,Drake,42
Trey Songz,Fabolous,9
Trey Songz,Nicki Minaj,6
Trey Songz,T.I.,43
Trippie Redd,DaBaby,59
Trippie Redd,Juice WRLD,55
Trippie Redd,Juice WRLD,60
Trippie Redd,Kodie Shane,89
Trippie Redd,Lil Baby,64
Trippie Redd,Travis Scott,72
Trippie Redd,YoungBoy Never Broke Again,84
Twista,Chris Brown,71
Ty Dolla $ign,B.o.B,29
Ty Dolla $ign,E-40,81
Ty Dolla $ign,Future,63
Ty Dolla $ign,Nicki Minaj,83
Ty Dolla $ign,Post Malone,53
Ty Dolla $ign,Wiz Khalifa,48
Tyga,Cedric Gervais,66
Tyga,Chris Richardson,86
Tyga,Drake,89
Tyga,Lil Wayne,33
Tyga,Nicki Minaj,74
Tyga,Offset,8
Tyga,Rick Ross,68
Tyga,Young Thug,85
Usher,Jay-Z,21
Usher,Juicy J,11
Usher,Nicki Minaj,40
Usher,Pitbull,4
Usher,Plies,24
Usher,Rick Ross,46
Usher,will.i.am,1
Usher,Young Thug,32
Victorious Cast,Victoria Justice,50
Waka Flocka Flame,Drake,86
Waka Flocka Flame,Kebo Gotti,74
Waka Flocka Flame,Nicki Minaj,72
Waka Flocka Flame,Roscoe Dash,13
Waka Flocka Flame,Trey Songz,64
Wale,Jeremih,87
Wale,Jeremih,49
Wale,Kid Cudi,97
Wale,Lil Wayne,100
Wale,Meek Mill,81
Wale,Miguel,38
Wale,Rick Ross,64
Wale,Sam Dew,89
Wale,Tiara Thomas Or Rihanna,21
Wale,Usher,70
WE the Kings,Demi Lovato,76
Wham!,George Michael,1
will.i.am,Justin Bieber,17
will.i.am,Mick Jagger,36
will.i.am,Miley Cyrus,58
will.i.am,Miley Cyrus,96
Wisin,Jennifer Lopez,94
Wisin,Ozuna,63
Wiz Khalifa,Akon,87
Wiz Khalifa,Charlie Puth,1
Wiz Khalifa,Lil Skies,73
Wiz Khalifa,Rae Sremmurd,83
Wiz Khalifa,Snoop Dogg,82
Wiz Khalifa,Swae Lee,72
Wiz Khalifa,The Weeknd,63
Wiz Khalifa,Too $hort,52
Wiz Khalifa,Travi$ Scott,56
Wiz Khalifa,Ty Dolla $ign,92
XXXTENTACION,Joey Bada$$,83
XXXTENTACION,Kanye West,62
XXXTENTACION,PnB Rock,85
XXXTENTACION,Trippie Redd,28
XXXTENTACION x Lil Pump,Maluma,28
YC,Future,42
YFN Lucci,Migos,70
YFN Lucci,PnB Rock,33
YG,2 Chainz,16
YG,A$AP Rocky,98
YG,Drake,54
YG,Drake,62
YG,Jeezy,19
YG,Tyga,100
YNW Melly,Kanye West,42
Yo Gotti,E-40,79
Yo Gotti,Jeezy,100
Yo Gotti,Lil Baby,46
Yo Gotti,Lil Wayne,81
Yo Gotti,Nicki Minaj,13
Young Jeezy,2 Chainz,58
Young Jeezy,Jay-Z,61
Young Jeezy,Lil Wayne,57
Young Jeezy,Ne-Yo,51
Young Jeezy,Plies,35
Young Money,Drake,50
Young Money,Gucci Mane,48
Young Money,Lloyd,2
Young T,Bugsey,56
Young Thug And Travis Scott,Quavo,43
Young Thug,Future,65
Young Thug,Gunna,61
Young Thug,Gunna,78
Young Thug,Lil Baby,32
Young Thug,Lil Uzi Vert,55
Young Thug,Machine Gun Kelly,92
Young Thug,Nicki Minaj,89
YoungBoy Never Broke Again,DaBaby,99
YoungBoy Never Broke Again,Kevin Gates,69
YoungBoy Never Broke Again,Lil Baby,94
YoungBoy Never Broke Again,Lil Wayne,35
YoungBoy Never Broke Again,Sherhonda Gaulden,90
Yung Bleu,Drake,52
Zac Brown Band,Alan Jackson,32
Zac Brown Band,Jimmy Buffett,18
Zayn,PARTYNEXTDOOR,66
Zayn,Sia,44
Zedd,Foxes,8
Zedd,Hayley Williams,18
Zedd,Jon Bellion,64
Zedd,Selena Gomez,17